kin,kout,counts,joint_prob_reduced
0.0,1.0,3477,0.6588971006253552
1.0,0.0,1587,0.30073905628197833
1.0,1.0,98,0.018571157854841765
2.0,0.0,42,0.007959067652075042
0.0,2.0,52,0.009854083759711958
2.0,1.0,4,0.0007580064430547659
2.0,1.0,4,0.0007580064430547659
3.0,0.0,3,0.0005685048322910744
0.0,3.0,10,0.0018950161076369148
